Policy Measure,Δω,Δ% Big Firms,Δ Tax Gap
Naive,-0.07058866746076875,0.11111111111111094,-0.0181242542859669
Correct,-0.14221997648236273,-0.061728395061728336,0.0010807660539314768
